state;year;cipstest;cipstest_1;cipstest_2;cipstest_3
ALABAMA;1970;28418;15032.67;7325.8;1655.68
ALABAMA;1971;29375;15501.94;7525.94;1721.02
ALABAMA;1972;31303;15972.41;7765.42;1764.75
ALABAMA;1973;33430;16406.26;7907.66;1742.41
ALABAMA;1974;33749;16762.67;8025.52;1734.85
ALABAMA;1975;33604;17316.26;8158.23;1752.27
ALABAMA;1976;35764;17732.86;8228.19;1799.74
ALABAMA;1977;37463;18111.93;8365.67;1845.11
ALABAMA;1978;39964;18479.74;8510.64;1960.51
ALABAMA;1979;40979;18881.49;8640.61;2081.91
ALABAMA;1980;40380;19012.34;8663.5;2138.52
ALABAMA;1981;41105;19118.52;8628.83;2218.91
ALABAMA;1982;40328;19118.25;8645.14;2215.84
ALABAMA;1983;42245;19122;8612.47;2230.91
ALABAMA;1984;45118;19257.47;8655.94;2235.16
ALABAMA;1985;46849;19433.36;8726.24;2253.03
ALABAMA;1986;48409;19723.37;8813.24;2308.99
ARIZONA;1970;19288;10148.42;4556.81;1627.87
ARIZONA;1971;21040;10560.54;4701.97;1627.34
ARIZONA;1972;23289;10977.53;4847.84;1614.58
ARIZONA;1973;25244;11598.26;4963.46;1647.88
ARIZONA;1974;25698;12129.06;5071.38;1678
ARIZONA;1975;24915;12929.06;5163.41;1764.87
ARIZONA;1976;26041;13603.89;5249.82;1910.43
ARIZONA;1977;28110;14175.42;5358.45;1973.48
ARIZONA;1978;31062;14812.04;5470;2038.3
ARIZONA;1979;33943;15547.62;5603.12;2132.49
ARIZONA;1980;34708;16344.9;5720.38;2165.64
ARIZONA;1981;35244;17088.3;5816.05;2265.42
ARIZONA;1982;33603;17650.57;5918.5;2377.2
ARIZONA;1983;35963;18108.24;6019.87;2513.38
ARIZONA;1984;40010;18792.09;6101.45;2574.78
ARIZONA;1985;43350;19414.85;6282.51;2737.37
ARIZONA;1986;46058;20212.42;6553.4;2923.15
ARKANSAS;1970;15392;7613.26;3647.73;644.99
ARKANSAS;1971;16177;7982.03;3686.95;651.63
ARKANSAS;1972;17702;8309.01;3780.05;668.5
ARKANSAS;1973;18825;8399.59;3894.77;691.76
ARKANSAS;1974;19287;8512.05;3985.99;726.62
ARKANSAS;1975;19024;8651.26;4051.66;742.5
ARKANSAS;1976;20277;8921.91;4185.4;761.38
ARKANSAS;1977;21410;9234.85;4316.52;793.54
ARKANSAS;1978;23063;9374.54;4405.68;821.01
ARKANSAS;1979;23501;9554.83;4483.21;859.23
ARKANSAS;1980;23210;9705.24;4531.36;890.41
ARKANSAS;1981;24134;9872.87;4608.72;916.68
ARKANSAS;1982;23462;9919.35;4681.5;905.92
ARKANSAS;1983;24415;9861.76;4662.68;934.14
ARKANSAS;1984;26512;9754.55;4654.37;934.6
ARKANSAS;1985;27159;9675.47;4639.3;947.04
ARKANSAS;1986;28168;9787.2;4652.71;960.66
CALIFORNIA;1970;263933;128545.36;42961.31;17837.26
CALIFORNIA;1971;265600;132263.33;44768.37;18448.04
CALIFORNIA;1972;281159;134451.52;46045.52;18813.82
CALIFORNIA;1973;293735;135988.4;47064.46;19084.52
CALIFORNIA;1974;298408;136827.29;47572.52;19092.78
CALIFORNIA;1975;304518;138487.39;47699.42;19654.53
CALIFORNIA;1976;320160;139514.18;47568.65;20346.64
CALIFORNIA;1977;338040;139910.22;47137.99;21014.45
CALIFORNIA;1978;359603;139408.84;46472.4;21556.85
CALIFORNIA;1979;374928;140217.32;46132.47;22297.31
CALIFORNIA;1980;380221;139776.97;45597.88;22925.93
CALIFORNIA;1981;378436;139662.44;45042.91;23291.36
CALIFORNIA;1982;372541;139232.39;44490.48;23502.43
CALIFORNIA;1983;390528;138535.66;44027.17;23828.67
CALIFORNIA;1984;420525;138101.55;43826.52;23841.32
CALIFORNIA;1985;444082;138170.93;43566.26;24121.33
CALIFORNIA;1986;464550;139042.68;43350.54;24592.33
COLORADO;1970;25689;11402.52;4403.21;2165.03
COLORADO;1971;27341;11682.06;4535.52;2166.21
COLORADO;1972;29624;12010.91;4757.59;2133.49
COLORADO;1973;32417;12473.28;4982.21;2206.43
COLORADO;1974;33039;12964.14;5143.73;2312.49
COLORADO;1975;33593;13483.92;5223.11;2464.28
COLORADO;1976;35223;14090.24;5318.1;2617.61
COLORADO;1977;37429;14736.89;5463.79;2747.31
COLORADO;1978;40522;15240.49;5598.49;2887.92
COLORADO;1979;42917;15711.11;5705.99;3078.37
COLORADO;1980;43888;16272.57;5766.89;3274.49
COLORADO;1981;44695;16692.71;5820.52;3564.34
COLORADO;1982;45252;17027.51;5846.02;3719.04
COLORADO;1983;46523;17388.99;5877.85;3898.86
COLORADO;1984;49332;17785.25;5942.8;4000.29
COLORADO;1985;50820;18327.11;6057.5;4153.07
COLORADO;1986;51781;18889.54;6148.8;4340.24
CONNECTICUT;1970;38880;15865.66;7237.14;2208.1
CONNECTICUT;1971;38515;16559.99;7312.24;2406.84
CONNECTICUT;1972;40037;17346.79;7407.46;2642.54
CONNECTICUT;1973;42157;17803.12;7492.12;2741.16
CONNECTICUT;1974;41827;18225.2;7550.75;2881
CONNECTICUT;1975;39870;18686.78;7585.56;3027.33
CONNECTICUT;1976;41326;18871.06;7587.34;3104.13
CONNECTICUT;1977;42976;18798.54;7501.72;3166.91
CONNECTICUT;1978;44844;18566.24;7352.08;3194.03
CONNECTICUT;1979;46008;18487.06;7274.07;3294.94
CONNECTICUT;1980;45949;18385.98;7192;3387.26
CONNECTICUT;1981;47397;18271.34;7103.85;3396.82
CONNECTICUT;1982;47241;18030.08;7017.05;3371.93
CONNECTICUT;1983;50594;17739.88;6959.31;3332.92
CONNECTICUT;1984;55117;17494.36;6890.73;3300.44
CONNECTICUT;1985;58263;17317.13;6861.64;3313.05
CONNECTICUT;1986;61750;17290.61;6878.14;3314.55
DELAWARE;1970;6863;4250.95;2078.95;234.23
DELAWARE;1971;7399;4405.91;2076.73;230.51
DELAWARE;1972;7829;4560.71;2105.3;233.59
DELAWARE;1973;8604;4725.12;2125.88;283.84
DELAWARE;1974;7777;4927.52;2195.49;324.32
DELAWARE;1975;7625;4988.37;2197.46;349.68
DELAWARE;1976;8061;4959.87;2161.42;358.6
DELAWARE;1977;8313;4958.47;2158.95;400.11
DELAWARE;1978;8390;4954.21;2134.89;440.95
DELAWARE;1979;8360;4936.91;2103.91;482.11
DELAWARE;1980;8200;4868.74;2071.23;488.36
DELAWARE;1981;8344;4825.97;2050.14;491.43
DELAWARE;1982;8435;4786.37;2038.78;487.77
DELAWARE;1983;8883;4768.17;2029.77;482.47
DELAWARE;1984;9347;4743.86;2037.26;483.3
DELAWARE;1985;9699;4731.49;2043.62;490.68
DELAWARE;1986;10072;4716.73;2052.16;492.03
FLORIDA;1970;69641;29696.86;12622.3;4174.89
FLORIDA;1971;73170;30683.09;12873.62;4282.97
FLORIDA;1972;81313;32089.12;13424.21;4318.05
FLORIDA;1973;90897;33480.99;13999.7;4268.38
FLORIDA;1974;92163;34650.29;14586.91;4281.73
FLORIDA;1975;89502;36103.75;15075.13;4446.11
FLORIDA;1976;90957;37942.61;15538.54;4726.01
FLORIDA;1977;95449;39393.89;15790.7;5404.47
FLORIDA;1978;103064;40859.4;15985.09;6123.84
FLORIDA;1979;109121;42107.13;16220.82;6625.71
FLORIDA;1980;113857;43192.98;16457.76;6998.35
FLORIDA;1981;118145;44311.68;16724.87;7430.67
FLORIDA;1982;118301;45492;16952.95;7814.59
FLORIDA;1983;126322;47116.82;17282.36;8183.58
FLORIDA;1984;136572;48538.98;17597.76;8483.89
FLORIDA;1985;145171;50336.63;17888.08;8767.52
FLORIDA;1986;152269;52309.37;18290.06;9172.05
GEORGIA;1970;43105;18270.44;7999.19;2092.77
GEORGIA;1971;45438;19275.62;8213.17;2148.43
GEORGIA;1972;49402;20167.45;8433.38;2165.53
GEORGIA;1973;52824;21015.05;8676.01;2267.56
GEORGIA;1974;52390;21882.27;9004.13;2519.94
GEORGIA;1975;50900;22713.54;9192.85;2797.47
GEORGIA;1976;54469;23556.37;9445.52;3029.37
GEORGIA;1977;58085;24124.15;9623.51;3177.03
GEORGIA;1978;61607;24622.13;9745.86;3240.48
GEORGIA;1979;63825;25631.2;10054.77;3347.57
GEORGIA;1980;64216;26685.37;10289.71;3461.48
GEORGIA;1981;66352;27546.85;10501.58;3574.39
GEORGIA;1982;66766;28209.03;10620.04;3669.58
GEORGIA;1983;71485;28996.86;10985.78;3808.7
GEORGIA;1984;78797;29702.75;11236.24;3896.84
GEORGIA;1985;83461;30068.26;11292.92;3926.96
GEORGIA;1986;88827;30991.33;11563.64;4024.23
IDAHO;1970;7175;3410.22;2193.99;267.56
IDAHO;1971;7255;3579.67;2276.68;256.47
IDAHO;1972;7898;3676.22;2353.72;247.87
IDAHO;1973;8352;3737.66;2399.18;236.98
IDAHO;1974;8970;3813.94;2467.04;228.46
IDAHO;1975;9099;3942.37;2531.4;229.86
IDAHO;1976;9709;4105.58;2563.07;249.94
IDAHO;1977;9967;4255.84;2606.65;271.88
IDAHO;1978;10828;4398.05;2674.18;289.18
IDAHO;1979;10924;4522.19;2724.98;298.74
IDAHO;1980;11002;4605.7;2740.64;324.21
IDAHO;1981;10959;4667.31;2753.25;337.06
IDAHO;1982;10432;4699.95;2749.25;347.34
IDAHO;1983;10879;4710.03;2756.72;359.68
IDAHO;1984;11262;4769.76;2794.78;376.04
IDAHO;1985;11815;4819.32;2838.03;382.94
IDAHO;1986;11672;4890.92;2886.07;406.41
ILLINOIS;1970;145792;52197.49;23582.87;6361.94
ILLINOIS;1971;148503;53805.62;23841.66;6579.1
ILLINOIS;1972;154413;55540.36;24602.76;6675.74
ILLINOIS;1973;163125;57288.3;25448.17;6807.99
ILLINOIS;1974;161725;58984.18;25806.09;7107
ILLINOIS;1975;157366;60139.25;26068.87;7342.22
ILLINOIS;1976;163112;61104.4;26325.26;7522.85
ILLINOIS;1977;168627;62200.83;26835.52;7669.6
ILLINOIS;1978;173767;63096.48;27300.22;8004.98
ILLINOIS;1979;173817;63642.81;27247.22;8491.35
ILLINOIS;1980;165722;64003.03;27237.54;9047.41
ILLINOIS;1981;166029;64549.3;27406.33;9523.64
ILLINOIS;1982;159778;65064.2;27568.5;10218
ILLINOIS;1983;160856;64751.99;27483;10436.04
ILLINOIS;1984;173602;64460.25;27590.53;10485.73
ILLINOIS;1985;178493;64487.38;27811.57;10532.95
ILLINOIS;1986;183849;64726.05;28101.57;10577.77
INDIANA;1970;56769;20813.65;8904.96;2814.86
INDIANA;1971;58540;21665.6;9140.25;2919.6
INDIANA;1972;61613;22368.04;9391.29;2929.94
INDIANA;1973;66534;23230.94;9696.29;2947.49
INDIANA;1974;64313;23652.3;9913.98;2918.14
INDIANA;1975;61200;23945.55;10038.12;2932.54
INDIANA;1976;65479;24259.12;10178.36;3017.66
INDIANA;1977;68832;24506.31;10409.08;3014.11
INDIANA;1978;71717;24639.62;10518.94;3026.38
INDIANA;1979;72047;24744.99;10536;3082.76
INDIANA;1980;67930;24799.68;10574.03;3142.24
INDIANA;1981;68135;24976.64;10619.58;3210.15
INDIANA;1982;64042;25108.79;10618.71;3297.4
INDIANA;1983;65211;24983.98;10558.11;3284.13
INDIANA;1984;70975;24835.6;10481.99;3311.04
INDIANA;1985;73392;24905.94;10532.65;3376.2
INDIANA;1986;75924;24924.85;10567.2;3377.17
IOWA;1970;29173;14728.51;8684.87;1377.5
IOWA;1971;29312;15311.03;8926.99;1451.36
IOWA;1972;31159;15657.48;9144.08;1508.06
IOWA;1973;33798;16006.47;9424.4;1508.45
IOWA;1974;33591;16159.2;9571.66;1518
IOWA;1975;34378;16414.32;9677.48;1567.76
IOWA;1976;35752;16766.52;9770.03;1682.16
IOWA;1977;37277;17166.76;9948.06;1822.71
IOWA;1978;39087;17407.43;10038.99;1972.05
IOWA;1979;39863;17722.68;10112.22;2114.49
IOWA;1980;38919;17928.92;10183.36;2148.16
IOWA;1981;40630;18050.52;10188.72;2154.55
IOWA;1982;37634;18141.76;10187.89;2132.8
IOWA;1983;35937;18240.5;10187.06;2184.02
IOWA;1984;38704;18203.48;10197.84;2252.53
IOWA;1985;39344;18288.61;10286.39;2319.88
IOWA;1986;40425;18436.18;10397.5;2393.84
KANSAS;1970;26311;11115.57;5988.83;1449.42
KANSAS;1971;26950;11595.03;6098.1;1515.59
KANSAS;1972;28330;11854.06;6226.46;1527.8
KANSAS;1973;29486;12137.4;6368.52;1513.71
KANSAS;1974;29506;12412.46;6488.52;1542.5
KANSAS;1975;29530;12792.34;6542.8;1599.35
KANSAS;1976;30655;13023.89;6628.42;1632.99
KANSAS;1977;31032;13386.6;6753.55;1691.7
KANSAS;1978;32232;13726.24;6830.98;1757.29
KANSAS;1979;33680;14157.68;6863.58;1838.2
KANSAS;1980;32844;14479.94;6919.83;1889.43
KANSAS;1981;33707;14855.02;7018.71;1953.03
KANSAS;1982;33287;15082.15;7104.16;2018.15
KANSAS;1983;33638;15062.88;7150.68;2053.86
KANSAS;1984;35582;15116.06;7177.68;2121.44
KANSAS;1985;36560;15145.49;7222.85;2181.94
KANSAS;1986;37783;15216.66;7310.79;2232.58
KENTUCKY;1970;32182;16035.09;9021.31;1706.76
KENTUCKY;1971;33276;16706.92;9280.45;1711.3
KENTUCKY;1972;35351;17169.23;9606.59;1708.68
KENTUCKY;1973;37305;17697.13;10008.41;1723.18
KENTUCKY;1974;37458;18263.75;10372.71;1773.45
KENTUCKY;1975;36717;18624.45;10505.77;1906.71
KENTUCKY;1976;39138;18945.26;10588;2019.97
KENTUCKY;1977;41137;19294.6;10701.7;2124.99
KENTUCKY;1978;43098;19572.86;10809.85;2169.76
KENTUCKY;1979;44188;19948.68;11017.87;2246.22
KENTUCKY;1980;42637;20585.01;11367.36;2363.19
KENTUCKY;1981;43595;21116.39;11721.16;2400.49
KENTUCKY;1982;42286;21308.34;11933.89;2390.23
KENTUCKY;1983;42668;21162.34;12008.09;2365.05
KENTUCKY;1984;45998;21032.34;12056.3;2350.25
KENTUCKY;1985;46753;21052.49;12171.63;2355.38
KENTUCKY;1986;47502;20959.34;12139.07;2338.37
LOUISIANA;1970;62666;19638.31;9891.38;2660.82
LOUISIANA;1971;64851;20066.64;10162.65;2734.98
LOUISIANA;1972;67439;20887.68;10392.2;2770.17
LOUISIANA;1973;67100;21408.2;10606.21;2733.22
LOUISIANA;1974;64919;21787.15;10805.89;2713.92
LOUISIANA;1975;63128;22175.86;10983.6;2721.5
LOUISIANA;1976;66338;22682.17;11273.56;2819.43
LOUISIANA;1977;68209;23389.41;11634.15;2937.22
LOUISIANA;1978;72221;24102.46;11981.51;3051.01
LOUISIANA;1979;73681;24446.12;12128.07;3108.48
LOUISIANA;1980;75312;24568.45;12107.67;3093.48
LOUISIANA;1981;77342;24789.76;12157.9;3067.08
LOUISIANA;1982;75743;25087;12262.86;3102.91
LOUISIANA;1983;72535;25422.96;12448.15;3123.98
LOUISIANA;1984;75349;25932.73;12825.32;3144.81
LOUISIANA;1985;73777;26477.79;13131.09;3213.47
LOUISIANA;1986;68508;26617.47;13271.71;3275.03
MAINE;1970;8844;3868.87;2206.79;482.69
MAINE;1971;8958;3999.86;2256.43;494.98
MAINE;1972;9449;4167.61;2335.08;505.6
MAINE;1973;9949;4272.26;2427.57;515.68
MAINE;1974;9976;4394.33;2485.16;549.75
MAINE;1975;9672;4529.86;2515.26;579.48
MAINE;1976;10555;4593.66;2518.41;610.57
MAINE;1977;10916;4662.84;2521.78;673.27
MAINE;1978;11434;4813.68;2531.39;862.79
MAINE;1979;11765;4931.13;2541.84;983.92
MAINE;1980;11731;4991.87;2553.75;1023.49
MAINE;1981;12013;5009.05;2559.1;1040.72
MAINE;1982;12099;4976.6;2536.96;1032.93
MAINE;1983;12813;4952.99;2540.19;1023.46
MAINE;1984;13652;4941.74;2536.66;1017.56
MAINE;1985;14238;4942.55;2526.87;1037.07
MAINE;1986;15056;4939.7;2535.26;1044.48
MARYLAND;1970;42971;19145.01;7466.91;4107.45
MARYLAND;1971;44111;20023.61;7761.21;4151.61
MARYLAND;1972;46121;21126.69;8191.56;4165.89
MARYLAND;1973;48728;22060.79;8386.45;4296.63
MARYLAND;1974;48514;23017.84;8733.95;4422.23
MARYLAND;1975;47751;24189.5;9088.64;4637.77
MARYLAND;1976;49228;25322.85;9328.2;4974.62
MARYLAND;1977;50507;26238.15;9610.83;5189.16
MARYLAND;1978;52317;26910.22;9813.67;5266.61
MARYLAND;1979;52804;27644.44;9951.82;5454.99
MARYLAND;1980;52361;28081.96;10018;5557.2
MARYLAND;1981;53231;28715.84;10118.32;5713.03
MARYLAND;1982;52583;28850.43;10160.71;5787.9
MARYLAND;1983;55323;29101.83;10461.03;5776.88
MARYLAND;1984;58925;29214.12;10668.97;5683.73
MARYLAND;1985;62179;29451.52;10845.28;5946.06
MARYLAND;1986;65408;29577.46;10983.19;5892.33
MASSACHUSETTS;1970;64429;21923.28;8541.89;2240.2
MASSACHUSETTS;1971;65276;23177.83;8871.26;2363.06
MASSACHUSETTS;1972;68096;24385.09;9022.56;2540.81
MASSACHUSETTS;1973;70876;25765.21;9033.16;2755.1
MASSACHUSETTS;1974;68955;27100.33;9074.66;2863.37
MASSACHUSETTS;1975;66448;28204.28;9114.56;2980.54
MASSACHUSETTS;1976;68467;28752.82;9101.4;3198.66
MASSACHUSETTS;1977;71258;29171.97;9098.1;3366.41
MASSACHUSETTS;1978;73575;29202.12;9123.64;3466.1
MASSACHUSETTS;1979;75180;29455.5;9169.85;3718.09
MASSACHUSETTS;1980;75289;29999.21;9146.15;4015.43
MASSACHUSETTS;1981;77490;30166.12;9094.17;4216.05
MASSACHUSETTS;1982;77166;30190.87;9076.55;4277.85
MASSACHUSETTS;1983;82489;30221.77;9034.17;4320.64
MASSACHUSETTS;1984;90684;30352.69;9031.48;4381.02
MASSACHUSETTS;1985;96698;30497.51;9004.18;4451.55
MASSACHUSETTS;1986;102279;30795.56;8984.76;4558.94
MICHIGAN;1970;102172;44684.82;17924.92;8380.48
MICHIGAN;1971;107116;45993.77;18238.74;8564.69
MICHIGAN;1972;113837;46772.91;18423.57;8947.32
MICHIGAN;1973;122991;47923.55;18834.46;9556.35
MICHIGAN;1974;115796;48793.43;19160.95;9887.32
MICHIGAN;1975;109217;49789.59;19397.17;10081.01
MICHIGAN;1976;119929;50687.49;19591.79;10233.82
MICHIGAN;1977;129279;51302.34;19800.72;10369.21
MICHIGAN;1978;135247;51494.34;19980.26;10350.29
MICHIGAN;1979;132845;51707.36;20002.83;10486.26
MICHIGAN;1980;121360;51922.35;19996.38;10644.23
MICHIGAN;1981;118356;52276.4;20024.11;10900.24
MICHIGAN;1982;108627;51955.88;19881.31;10758.53
MICHIGAN;1983;114259;51305.62;19714.51;10578.52
MICHIGAN;1984;123886;50724.55;19505.44;10584.32
MICHIGAN;1985;131417;50392.79;19397.92;10390.41
MICHIGAN;1986;136433;49879.29;19184.17;10178.05
MINNESOTA;1970;41734;21948.43;10284.33;3682.74
MINNESOTA;1971;42467;23056.36;10735.9;3740.41
MINNESOTA;1972;44123;24023.53;11014.64;3790.75
MINNESOTA;1973;47805;24731.18;11172.43;3809.76
MINNESOTA;1974;47482;25333.93;11367.22;3945.05
MINNESOTA;1975;46967;25910.97;11555.19;3999.7
MINNESOTA;1976;48795;26485.99;11620.28;4141.07
MINNESOTA;1977;51661;27080.21;11748.5;4290.67
MINNESOTA;1978;54138;27464.67;11880.62;4455.08
MINNESOTA;1979;56239;27832.95;11985.82;4611.99
MINNESOTA;1980;55874;28055.27;12074.92;4721.44
MINNESOTA;1981;56748;28460.94;12164.09;4787.78
MINNESOTA;1982;55919;28590.72;12212.26;4834.17
MINNESOTA;1983;57167;28694.1;12279.25;4914.92
MINNESOTA;1984;62730;28718.02;12413.96;4898.92
MINNESOTA;1985;65463;28959.43;12569.74;4852.34
MINNESOTA;1986;68117;29241;12752.43;4809.57
MISSISSIPPI;1970;17306;10016.07;4936.56;824.65
MISSISSIPPI;1971;18027;10497.82;5114.5;861.51
MISSISSIPPI;1972;19340;10844.14;5323.04;887.66
MISSISSIPPI;1973;20605;11076.23;5491.42;923.12
MISSISSIPPI;1974;20208;11239.45;5639.29;951.12
MISSISSIPPI;1975;20184;11515.56;5738.05;1011.4
MISSISSIPPI;1976;22282;11799.74;5844.97;1072.13
MISSISSIPPI;1977;23628;12061.45;6029.9;1100.06
MISSISSIPPI;1978;24880;12274.39;6182.76;1101.6
MISSISSIPPI;1979;25611;12384.91;6224.01;1135.35
MISSISSIPPI;1980;25082;12454.04;6267.28;1122.82
MISSISSIPPI;1981;26017;12547.36;6352.24;1111.96
MISSISSIPPI;1982;25537;12603.35;6422.29;1117.05
MISSISSIPPI;1983;25570;12613.88;6517.93;1129.55
MISSISSIPPI;1984;27342;12509.37;6583.29;1117.48
MISSISSIPPI;1985;27778;12430.11;6621.01;1108.22
MISSISSIPPI;1986;27987;12411.36;6654.31;1138.91
MISSOURI;1970;50196;19464.98;9512.8;2571.06
MISSOURI;1971;51945;20393.17;9928.55;2701.12
MISSOURI;1972;54198;21288.19;10282.11;2803.23
MISSOURI;1973;56789;22079.1;10518.19;2798.25
MISSOURI;1974;55056;22475.35;10658.22;2787.58
MISSOURI;1975;53932;22839.32;10880.54;2774.79
MISSOURI;1976;57183;23032.56;10949.45;2804.81
MISSOURI;1977;60424;23236.14;11026.81;2899.28
MISSOURI;1978;63375;23393.53;11140.36;3006.6
MISSOURI;1979;64333;23545.2;11165.62;3174.4
MISSOURI;1980;61574;23670.64;11257.64;3244.45
MISSOURI;1981;62540;23947.15;11287.89;3375.57
MISSOURI;1982;61226;24084.48;11257.3;3526.02
MISSOURI;1983;63655;23957.04;11186.57;3560.48
MISSOURI;1984;68490;23782.61;11168.62;3544.61
MISSOURI;1985;70830;23761.7;11134.25;3572.77
MISSOURI;1986;72629;23855.97;11224.66;3593.45
MONTANA;1970;7896;4782.64;3372.27;366.92
MONTANA;1971;7829;4956.96;3517.01;371.39
MONTANA;1972;8524;5095.7;3657.76;368.85
MONTANA;1973;8948;5241.43;3786.46;360.64
MONTANA;1974;9176;5420.38;3881.28;406.51
MONTANA;1975;9288;5487.68;3885.38;428.87
MONTANA;1976;9524;5536.46;3863.19;459.07
MONTANA;1977;9675;5628.09;3886.33;497.77
MONTANA;1978;10580;5756.96;3964.73;519.63
MONTANA;1979;10952;5871.16;3999.93;530.18
MONTANA;1980;11114;5945.22;3997.37;533.84
MONTANA;1981;11394;6004.93;4003.21;534.09
MONTANA;1982;11007;6027.25;4030.51;531.54
MONTANA;1983;10911;5967.63;4007.25;530.62
MONTANA;1984;10817;5957.83;4013.08;533.75
MONTANA;1985;10323;6024.85;4046.68;553.46
MONTANA;1986;10763;6117.91;4085.04;575.89
NEBRASKA;1970;16067;9235.03;4134.55;1065.95
NEBRASKA;1971;16648;9759.43;4227.15;1071.08
NEBRASKA;1972;17429;10291.33;4373.59;1042.1
NEBRASKA;1973;18284;10785.36;4469.52;1042.23
NEBRASKA;1974;18151;11293.48;4574.39;1082.39
NEBRASKA;1975;18717;11814.03;4667.1;1136.5
NEBRASKA;1976;19189;12436.57;4740.46;1263.78
NEBRASKA;1977;19563;12902.62;4831.06;1277.91
NEBRASKA;1978;20298;13482.42;4911.27;1301.78
NEBRASKA;1979;20943;14181.26;4985.51;1374.67
NEBRASKA;1980;20575;14619.96;5048.29;1407.61
NEBRASKA;1981;21777;14897.42;5106.4;1449.25
NEBRASKA;1982;21244;15039.75;5138.4;1440.27
NEBRASKA;1983;20647;15088.99;5188.05;1442.72
NEBRASKA;1984;22164;15027.98;5215.73;1422.43
NEBRASKA;1985;23300;14981.5;5281.8;1408.58
NEBRASKA;1986;23673;14974.69;5344.81;1399.2
NEVADA;1970;7354;3768.6;1993.17;464.21
NEVADA;1971;7599;3877.35;2042.4;481.2
NEVADA;1972;8076;4033.14;2094.25;508.15
NEVADA;1973;8774;4160.79;2116.82;508.31
NEVADA;1974;8861;4296.97;2155.53;513.74
NEVADA;1975;9084;4402.1;2158.46;514.36
NEVADA;1976;9720;4500.21;2165.37;538.63
NEVADA;1977;10673;4574.27;2174.66;572.23
NEVADA;1978;12233;4646.28;2195.82;606.32
NEVADA;1979;13343;4766.05;2243.79;616.74
NEVADA;1980;13991;4935.36;2276.73;711.72
NEVADA;1981;14365;5188.56;2321.8;839.08
NEVADA;1982;13796;5381.96;2368.03;886.05
NEVADA;1983;14103;5500.17;2389.52;918.29
NEVADA;1984;14790;5695;2455.39;997.68
NEVADA;1985;15474;5856.9;2508.07;1049.48
NEVADA;1986;16092;6003;2574.74;1082.71
NEW_HAMPSHIRE;1970;6852;3085.49;1889.29;254.57
NEW_HAMPSHIRE;1971;7042;3247.53;1943.53;275.04
NEW_HAMPSHIRE;1972;7516;3419.24;2008.2;302.67
NEW_HAMPSHIRE;1973;8098;3559.45;2057.3;322.28
NEW_HAMPSHIRE;1974;8016;3688.39;2124.83;372.7
NEW_HAMPSHIRE;1975;7819;3783.91;2167.52;397.66
NEW_HAMPSHIRE;1976;8470;3915.38;2214.32;428.63
NEW_HAMPSHIRE;1977;9084;4084.04;2257.39;476.3
NEW_HAMPSHIRE;1978;10002;4223.59;2301.79;511.67
NEW_HAMPSHIRE;1979;10572;4329.97;2333.25;567.87
NEW_HAMPSHIRE;1980;10738;4348.94;2342.18;560.2
NEW_HAMPSHIRE;1981;11332;4369.35;2344.09;578.84
NEW_HAMPSHIRE;1982;11606;4353.02;2330.25;607.17
NEW_HAMPSHIRE;1983;12743;4333.41;2314.9;622.69
NEW_HAMPSHIRE;1984;14100;4324.98;2327.25;624.39
NEW_HAMPSHIRE;1985;15541;4316.63;2337.76;633.79
NEW_HAMPSHIRE;1986;17073;4331.54;2350.11;637.52
NEW_JERSEY;1970;86366;24857.74;10385.59;3963.35
NEW_JERSEY;1971;89073;26627.68;11262.24;4101.37
NEW_JERSEY;1972;93384;28256.83;12060.09;4189.13
NEW_JERSEY;1973;97847;29544.99;12813.13;4386.79
NEW_JERSEY;1974;94864;30629.69;13495.55;4408.03
NEW_JERSEY;1975;90693;31830.65;13945.5;4522.4
NEW_JERSEY;1976;94049;32396.14;14014.03;4615.85
NEW_JERSEY;1977;97370;32775.77;13955.12;4803.28
NEW_JERSEY;1978;101593;33066.76;13788.65;5095.3
NEW_JERSEY;1979;103350;33268.6;13644.05;5404.27
NEW_JERSEY;1980;102571;33625.27;13558.33;5776.42
NEW_JERSEY;1981;105835;33794.24;13439.86;6029.86
NEW_JERSEY;1982;106705;34144.85;13293.91;6255.3
NEW_JERSEY;1983;113408;34320.27;13343.43;6279.97
NEW_JERSEY;1984;121388;34385.92;13415;6284.28
NEW_JERSEY;1985;126460;34528.53;13486.99;6391.51
NEW_JERSEY;1986;133468;34675.69;13719.05;6368.17
NEW_MEXICO;1970;12837;6082.2;3256.77;802.99
NEW_MEXICO;1971;13284;6195.5;3341.9;824.19
NEW_MEXICO;1972;13874;6238.49;3385.03;800.31
NEW_MEXICO;1973;14588;6326.03;3442.98;779.31
NEW_MEXICO;1974;15247;6367.27;3446.34;784.57
NEW_MEXICO;1975;15541;6447.38;3460.85;808.88
NEW_MEXICO;1976;15932;6606.97;3474.94;883.33
NEW_MEXICO;1977;16932;6724.71;3501.57;890.22
NEW_MEXICO;1978;18122;6786.25;3494.83;896.99
NEW_MEXICO;1979;19078;6902.83;3515.79;923.86
NEW_MEXICO;1980;19664;7104.7;3579.76;972.35
NEW_MEXICO;1981;20265;7296.53;3615.48;1017.38
NEW_MEXICO;1982;20023;7402.21;3631.09;1039.88
NEW_MEXICO;1983;20283;7634.64;3739.57;1071.49
NEW_MEXICO;1984;21331;7904.32;3877.09;1117.34
NEW_MEXICO;1985;21741;8228.31;4028.1;1150.52
NEW_MEXICO;1986;21154;8483.37;4096.28;1198.64
NEW_YORK;1970;242791;106893.49;34674.49;10536.87
NEW_YORK;1971;245018;110931.96;35397.65;11005.89
NEW_YORK;1972;251249;115957.66;36040.1;11844.87
NEW_YORK;1973;258498;121450.05;36678.41;12806.81
NEW_YORK;1974;250208;126498.16;36709.33;14026.58
NEW_YORK;1975;242463;131097.03;36931.52;15461.48
NEW_YORK;1976;245161;134166.03;36848.64;16674.44
NEW_YORK;1977;251092;134701.89;36486.69;17487.05
NEW_YORK;1978;254194;134632.83;36064.57;18001.42
NEW_YORK;1979;254314;134765.25;35899.56;18904.65
NEW_YORK;1980;249770;134166.71;35837.95;19440.64
NEW_YORK;1981;256199;133207.7;35638.22;20032.22
NEW_YORK;1982;255686;132189.18;35797.68;20063.48
NEW_YORK;1983;267916;131808.83;35777.56;20119.85
NEW_YORK;1984;285080;131365.12;35970.24;20223.34
NEW_YORK;1985;296381;131529.92;36063.88;20459.67
NEW_YORK;1986;309273;132203.02;36270.34;20695.61
NORTH_CAROLINA;1970;48047;16840;7670.09;2354.23
NORTH_CAROLINA;1971;50127;17688.47;8035.21;2409.62
NORTH_CAROLINA;1972;54624;18419.02;8433.57;2437.58
NORTH_CAROLINA;1973;57975;19081.72;8810.08;2458.58
NORTH_CAROLINA;1974;57546;19701.02;9185.2;2511.72
NORTH_CAROLINA;1975;56288;20334.13;9347.54;2626.44
NORTH_CAROLINA;1976;59462;21062.44;9478.41;2794.7
NORTH_CAROLINA;1977;62681;22029.51;9749.47;3027.51
NORTH_CAROLINA;1978;66409;22652;9915.07;3236.38
NORTH_CAROLINA;1979;68039;23305.83;10151.65;3386.9
NORTH_CAROLINA;1980;68065;24164.71;10342.92;3529.3
NORTH_CAROLINA;1981;70395;24576.1;10401.46;3674.75
NORTH_CAROLINA;1982;69128;24698.58;10322;3776.84
NORTH_CAROLINA;1983;73553;24700.31;10211.41;3848.75
NORTH_CAROLINA;1984;80020;24674.17;10160.18;3881.92
NORTH_CAROLINA;1985;83170;24744.19;10119.46;3934.05
NORTH_CAROLINA;1986;87371;25179.37;10143.7;4011.37
NORTH_DAKOTA;1970;6024;4173.07;2716.99;307.77
NORTH_DAKOTA;1971;6551;4226.31;2740.92;312.24
NORTH_DAKOTA;1972;7015;4302.57;2816.25;312.1
NORTH_DAKOTA;1973;8120;4330.52;2834.21;309.31
NORTH_DAKOTA;1974;8000;4404.4;2888.67;324.15
NORTH_DAKOTA;1975;8267;4458.28;2903.68;331.88
NORTH_DAKOTA;1976;8167;4492.23;2903.34;348.23
NORTH_DAKOTA;1977;8077;4573.94;2943.62;369.74
NORTH_DAKOTA;1978;9020;4628.15;2985.13;393.92
NORTH_DAKOTA;1979;9562;4704.64;3011.56;431.75
NORTH_DAKOTA;1980;9525;4798.61;3050.67;465.06
NORTH_DAKOTA;1981;10532;4888.2;3070.19;499.31
NORTH_DAKOTA;1982;10293;4893;3065;509.81
NORTH_DAKOTA;1983;9700;4929.21;3061.18;523.49
NORTH_DAKOTA;1984;10043;4929.23;3054.36;531.07
NORTH_DAKOTA;1985;9884;4968.32;3087.35;540.84
NORTH_DAKOTA;1986;9806;5014.77;3125.82;545.24
OHIO;1970;121293;48317.68;23653.22;8042.87
OHIO;1971;122871;50241.05;24331.77;8185.73
OHIO;1972;128649;51395.75;24733.59;8222.16
OHIO;1973;137636;52356.39;24882.94;8181.22
OHIO;1974;134923;52834.75;24967.19;8073.31
OHIO;1975;127128;53464.68;25063.58;8154.51
OHIO;1976;133697;54188.05;24980.44;8182.63
OHIO;1977;140466;54969.48;24924.3;8163.67
OHIO;1978;146947;55391.11;24781.45;8188.06
OHIO;1979;147766;56115.22;24696.32;8735.81
OHIO;1980;140782;56513.62;24562.73;9220.96
OHIO;1981;141743;56980.17;24343.52;9746.7
OHIO;1982;134204;57101.01;24029.59;10083.59
OHIO;1983;137411;56929.04;23773.55;10340.46
OHIO;1984;147979;56648.46;23606.36;10301.22
OHIO;1985;152689;56463.31;23826.13;10347.15
OHIO;1986;156541;56283.12;23755.8;10438.18
OKLAHOMA;1970;33262;11168.19;5732.8;1486.5
OKLAHOMA;1971;33879;11478.15;5929.05;1490.06
OKLAHOMA;1972;35190;11680.58;5994.3;1490.32
OKLAHOMA;1973;36333;11832.9;5697.07;1502.23
OKLAHOMA;1974;36110;12026.61;5821.31;1504.27
OKLAHOMA;1975;35967;12396.49;5890.24;1563.42
OKLAHOMA;1976;37376;12730.82;5926.67;1582.08
OKLAHOMA;1977;39235;12979.01;5936.34;1660.13
OKLAHOMA;1978;41564;13229.51;5972.49;1772.14
OKLAHOMA;1979;43535;13492.11;6001.28;1874.55
OKLAHOMA;1980;44944;13835.66;6039.31;1978.89
OKLAHOMA;1981;47236;14248.02;6072.15;2074.79
OKLAHOMA;1982;48700;14564.32;6131.31;2093.83
OKLAHOMA;1983;46425;14766.51;6159.51;2107.75
OKLAHOMA;1984;47499;15088.88;6263.83;2163.79
OKLAHOMA;1985;47178;15480.8;6331.49;2296.72
OKLAHOMA;1986;45928;15891.09;6405.81;2469.94
OREGON;1970;22350;11143.64;5522.14;1700.12
OREGON;1971;23280;11481.58;5641.79;1727.2
OREGON;1972;25356;11830.75;5868.4;1804.21
OREGON;1973;26976;12150.51;6085.11;1824.76
OREGON;1974;27744;12912.83;6313.44;1862
OREGON;1975;27474;13214.8;6322.44;1964.9
OREGON;1976;29559;13671.14;6354.98;2114.32
OREGON;1977;31397;13976.13;6408.58;2228.32
OREGON;1978;33793;14350.99;6376.73;2333.49
OREGON;1979;35296;14724.22;6372.79;2486.81
OREGON;1980;34762;15020.05;6373.7;2595.82
OREGON;1981;33614;15420.55;6437.47;2735.99
OREGON;1982;31148;15666.86;6498.98;2809.85
OREGON;1983;31899;15743.83;6563.95;2871.3
OREGON;1984;33747;15759.04;6589.36;2876.97
OREGON;1985;34769;15844.49;6639.98;2914.08
OREGON;1986;35934;15947.63;6716.47;2930.22
PENNSYLVANIA;1970;129967;50428.35;21507.1;6873.42
PENNSYLVANIA;1971;130120;53374.91;22873.38;7025.09
PENNSYLVANIA;1972;136028;56250.56;24070.94;7202.57
PENNSYLVANIA;1973;142970;58090.06;24636.92;7318.54
PENNSYLVANIA;1974;140616;59430.51;25171.81;7373.42
PENNSYLVANIA;1975;135828;60860.6;25623.54;7590.82
PENNSYLVANIA;1976;140178;61871.02;26024.77;7755.33
PENNSYLVANIA;1977;144091;62830.91;26341.98;7927.55
PENNSYLVANIA;1978;148130;62861.36;26307.55;8126.83
PENNSYLVANIA;1979;149431;62652.44;26037.41;8359.35
PENNSYLVANIA;1980;145367;62617.53;25614.52;8656.53
PENNSYLVANIA;1981;146570;62440.58;25108.39;8987.35
PENNSYLVANIA;1982;141282;62061.65;24753.64;9231.4
PENNSYLVANIA;1983;143923;61479.97;24476.17;9208.68
PENNSYLVANIA;1984;151405;61158.43;24200.25;9085.6
PENNSYLVANIA;1985;155809;60661.77;23961.42;8915.94
PENNSYLVANIA;1986;160862;60244.69;23854.84;8826.75
RHODE_ISLAND;1970;9824;4310.22;2264.59;572.26
RHODE_ISLAND;1971;9849;4451.24;2278.2;591.72
RHODE_ISLAND;1972;10247;4493.55;2224.36;571.84
RHODE_ISLAND;1973;10496;4498.12;2179.26;563.72
RHODE_ISLAND;1974;9888;4490.52;2164.89;555.89
RHODE_ISLAND;1975;9433;4463.83;2139.15;554.58
RHODE_ISLAND;1976;9968;4437.89;2095.73;561.1
RHODE_ISLAND;1977;10323;4443.85;2052.8;589.14
RHODE_ISLAND;1978;10610;4442.7;2016.8;656.02
RHODE_ISLAND;1979;10734;4430.52;1988.83;693.61
RHODE_ISLAND;1980;10518;4411.81;1959.41;727.15
RHODE_ISLAND;1981;10848;4396.28;1928.9;754.45
RHODE_ISLAND;1982;10592;4342.85;1906.68;765.37
RHODE_ISLAND;1983;11022;4302.36;1878.8;769.74
RHODE_ISLAND;1984;12011;4251.45;1860.02;761.93
RHODE_ISLAND;1985;12572;4230.74;1860.07;779.73
RHODE_ISLAND;1986;13283;4254.36;1884.02;800.83
SOUTH_CAROLINA;1970;20924;8250.43;4003.53;1094.79
SOUTH_CAROLINA;1971;21626;8694.41;4102.9;1188.11
SOUTH_CAROLINA;1972;23156;9115.22;4235.03;1352.97
SOUTH_CAROLINA;1973;24919;9554.06;4348.79;1474.87
SOUTH_CAROLINA;1974;25153;10014.14;4508.21;1562.14
SOUTH_CAROLINA;1975;24483;10637.46;4644.35;1639.24
SOUTH_CAROLINA;1976;26304;11097.59;4728.06;1665.89
SOUTH_CAROLINA;1977;27791;11500.56;4766.46;1673.79
SOUTH_CAROLINA;1978;29587;11653.18;4715.39;1676.79
SOUTH_CAROLINA;1979;30989;11911.5;4700.13;1744.9
SOUTH_CAROLINA;1980;31303;12263.76;4689.82;1804.03
SOUTH_CAROLINA;1981;32533;12577.08;4671.24;1838.99
SOUTH_CAROLINA;1982;31940;12972.01;4633.78;1932.6
SOUTH_CAROLINA;1983;33914;13110.97;4522.2;1997.51
SOUTH_CAROLINA;1984;36736;13172.84;4448.16;2086.57
SOUTH_CAROLINA;1985;37687;13211.81;4462.6;2131.34
SOUTH_CAROLINA;1986;39281;13391.24;4491.38;2181.72
SOUTH_DAKOTA;1970;5864;4173.17;3034.09;258.85
SOUTH_DAKOTA;1971;6065;4261.98;3081.08;268.64
SOUTH_DAKOTA;1972;6481;4333.46;3131.49;261.19
SOUTH_DAKOTA;1973;7048;4407.53;3145.05;270.82
SOUTH_DAKOTA;1974;6936;4501.83;3195.26;272.96
SOUTH_DAKOTA;1975;7154;4630.2;3238.72;279.35
SOUTH_DAKOTA;1976;6922;4732.91;3256.92;287.71
SOUTH_DAKOTA;1977;7411;4840.82;3291.01;286.76
SOUTH_DAKOTA;1978;7800;4895.63;3274.12;290.55
SOUTH_DAKOTA;1979;8164;4998.02;3263.74;308.57
SOUTH_DAKOTA;1980;7841;5067.5;3244.97;327.55
SOUTH_DAKOTA;1981;8009;5125.45;3228.59;349.02
SOUTH_DAKOTA;1982;7835;5178.56;3222.48;372.98
SOUTH_DAKOTA;1983;7660;5162.24;3201.09;394.14
SOUTH_DAKOTA;1984;8200;5146.61;3199.35;406.21
SOUTH_DAKOTA;1985;8418;5148.18;3211.4;422.71
SOUTH_DAKOTA;1986;8760;5281.22;3231.13;523.95
TENNESSE;1970;34769;20949.51;9280.24;2787.57
TENNESSE;1971;36771;21687.41;9506.84;2869.86
TENNESSE;1972;40403;22448.25;9660.19;3084.42
TENNESSE;1973;43424;22886.75;9744.11;3117.33
TENNESSE;1974;43052;23184.46;9861.13;3152
TENNESSE;1975;42098;23972.49;9981.1;3422.44
TENNESSE;1976;45309;24632.07;10093.2;3612.72
TENNESSE;1977;47941;25153.79;10262.04;3728.89
TENNESSE;1978;51630;25444.07;10346.22;3836.06
TENNESSE;1979;52759;25820.64;10412.39;3996.54
TENNESSE;1980;51810;26011.9;10468.24;4055.87
TENNESSE;1981;52804;26321.05;10514.67;4196.88
TENNESSE;1982;51967;26467.14;10529.66;4342.69
TENNESSE;1983;54217;26394.65;10509.67;4476.56
TENNESSE;1984;58810;26261.07;10523.47;4538.01
TENNESSE;1985;61337;26236.06;10639.21;4527.33
TENNESSE;1986;64124;26281.46;10744.85;4533.62
TEXAS;1970;160922;53639.88;25941.91;8352.71
TEXAS;1971;164088;55700.45;26813.21;8689.06
TEXAS;1972;172360;57213.27;27558.66;8884.14
TEXAS;1973;183467;59134.01;28414.53;8972.86
TEXAS;1974;189079;60974.12;28683.18;9108.26
TEXAS;1975;193920;62734.61;28964.12;9410.71
TEXAS;1976;205542;64422.93;29304.44;9852.87
TEXAS;1977;218733;65863.92;29426.06;10229.27
TEXAS;1978;232319;67133.78;29487.23;10579.21
TEXAS;1979;240424;69034.04;29851;11113.25
TEXAS;1980;244359;71409.31;30308.65;11992.75
TEXAS;1981;254691;74168.05;30933.18;12624.39
TEXAS;1982;254508;76260.44;31570.69;13030.77
TEXAS;1983;257245;78159.02;32349.61;13466.37
TEXAS;1984;273685;80067.98;32880.15;13775.33
TEXAS;1985;283388;82196.09;33234.72;14101.13
TEXAS;1986;276313;84303.17;33451.67;14704.89
UTAH;1970;10750;6494.16;3117.57;652.4
UTAH;1971;11242;6666.03;3281.38;639.42
UTAH;1972;12083;6773.32;3381.43;626.52
UTAH;1973;12850;6928.74;3497.85;599.48
UTAH;1974;13267;7072.53;3583.37;592.91
UTAH;1975;13482;7239.52;3626.31;599.94
UTAH;1976;14315;7373.63;3624.95;606.43
UTAH;1977;15324;7547.71;3670.07;608.15
UTAH;1978;16611;7716.92;3711.33;632.13
UTAH;1979;17291;7893.14;3721.36;672.08
UTAH;1980;17639;8057.45;3734.37;706.28
UTAH;1981;18093;8334.41;3801.07;723.09
UTAH;1982;17892;8606.09;3841.88;727.72
UTAH;1983;18570;8908.45;3867.21;731.4
UTAH;1984;20177;9453.63;3925.74;746.32
UTAH;1985;20920;10311.4;4014.23;807.78
UTAH;1986;21193;11392;4150.02;867.39
VERMONT;1970;4354;2627.12;1827.14;261.49
VERMONT;1971;4438;2756.19;1881.33;256.48
VERMONT;1972;4611;2894.58;1940.72;264.67
VERMONT;1973;4801;2967.25;1965.24;272.79
VERMONT;1974;4652;3025.15;2004.94;276.93
VERMONT;1975;4528;3083.07;2014.34;276.54
VERMONT;1976;4760;3075.61;2009.05;268.07
VERMONT;1977;4913;3055.26;1998.08;262.76
VERMONT;1978;5363;3019.42;1989.61;255.73
VERMONT;1979;5569;3020.06;1968.36;261.21
VERMONT;1980;5634;3032.36;1941.41;269.08
VERMONT;1981;5875;3016.79;1912.68;280.15
VERMONT;1982;5871;2983.19;1875.51;287.47
VERMONT;1983;6261;2950.98;1857.38;292
VERMONT;1984;6669;2927.85;1847.43;304.49
VERMONT;1985;7142;2925.39;1838.69;323.36
VERMONT;1986;7585;2936.44;1830.16;335.51
VIRGINIA;1970;48269;20732.56;11264.21;2677.11
VIRGINIA;1971;50049;21582.28;11608.6;2716.73
VIRGINIA;1972;52927;22348.28;11917.89;2788.37
VIRGINIA;1973;56762;22927;12172.65;2853.28
VIRGINIA;1974;57441;23570.72;12581.86;2903.27
VIRGINIA;1975;57290;24524.64;13035.16;3042.39
VIRGINIA;1976;60122;25440.39;13397.64;3306.99
VIRGINIA;1977;63151;26020.05;13663.61;3556.38
VIRGINIA;1978;66445;26621.8;13983.04;3787.02
VIRGINIA;1979;68123;27058.08;14155.94;3969.02
VIRGINIA;1980;68787;27606.76;14326.92;4212.09
VIRGINIA;1981;70711;27993.19;14398.22;4404.46
VIRGINIA;1982;70375;28206.71;14410.54;4615.59
VIRGINIA;1983;74360;28109.5;14296.38;4742.34
VIRGINIA;1984;79329;28031.46;14265.9;4743.87
VIRGINIA;1985;83143;27922.62;14248.7;4740.24
VIRGINIA;1986;88171;28000.68;14253.92;4786.93
WASHINGTON;1970;39224;25751.49;8657.13;3436.6
WASHINGTON;1971;38966;26775.46;9022.43;3514.56
WASHINGTON;1972;40535;27853.91;9398.12;3556.74
WASHINGTON;1973;43470;28392.6;9681.89;3549.61
WASHINGTON;1974;45385;29137.6;10078.96;3651.21
WASHINGTON;1975;46367;29497.89;10208.42;3728.15
WASHINGTON;1976;48697;29997.51;10297.58;3849.45
WASHINGTON;1977;51511;30862.78;10279.83;4336.53
WASHINGTON;1978;56875;31968.1;10394.74;4759.35
WASHINGTON;1979;60175;33454.73;10470.75;4823.12
WASHINGTON;1980;59796;35106.09;10631.04;4916.6
WASHINGTON;1981;58977;36528;10769.82;4963.37
WASHINGTON;1982;56745;37941.5;10912.53;4852.84
WASHINGTON;1983;58828;39515.57;11058.86;4830.54
WASHINGTON;1984;61507;40454.47;11335.77;4817.01
WASHINGTON;1985;63664;40775.81;11478.52;4890.4
WASHINGTON;1986;67158;41136.36;11738.08;5042.96
WEST_VIRGINIA;1970;18063;6482.87;4049.12;594.58
WEST_VIRGINIA;1971;18438;7051.17;4439.47;573.2
WEST_VIRGINIA;1972;19314;7652.54;4937.39;568.23
WEST_VIRGINIA;1973;19741;8245.21;5519.66;562.16
WEST_VIRGINIA;1974;19041;8735.95;6023.03;552.03
WEST_VIRGINIA;1975;19029;9220.62;6401.46;555.39
WEST_VIRGINIA;1976;20292;9624.86;6667.31;571.1
WEST_VIRGINIA;1977;21193;9942.15;6874.36;571.08
WEST_VIRGINIA;1978;22036;10115.55;6973.03;577.99
WEST_VIRGINIA;1979;22592;10457.33;7117.63;598.26
WEST_VIRGINIA;1980;22349;10705.18;7254.08;607.48
WEST_VIRGINIA;1981;22053;10943.56;7400.82;636.76
WEST_VIRGINIA;1982;21370;11059.62;7502.31;686.36
WEST_VIRGINIA;1983;20822;11078.85;7550.99;756.21
WEST_VIRGINIA;1984;21615;11072.89;7561.72;808.86
WEST_VIRGINIA;1985;21629;11000.7;7542.71;821.89
WEST_VIRGINIA;1986;21705;10984.38;7544.99;834.01
WISCONSIN;1970;45301;23565.08;9690.08;3968.16
WISCONSIN;1971;46505;24271.67;9903.02;3987.8
WISCONSIN;1972;48879;24747.06;10041.03;3995.29
WISCONSIN;1973;52062;25226.91;10214.01;4078
WISCONSIN;1974;51830;25539.33;10420.38;4170.32
WISCONSIN;1975;50930;25799.34;10502.77;4290.18
WISCONSIN;1976;53853;25842.14;10498.44;4359.98
WISCONSIN;1977;57055;25945.01;10554.33;4401.65
WISCONSIN;1978;59908;25858.17;10580.21;4415.95
WISCONSIN;1979;61689;25885.94;10564.08;4500.91
WISCONSIN;1980;60255;25894.16;10593.25;4507.19
WISCONSIN;1981;60815;25984.74;10647.18;4586.04
WISCONSIN;1982;59558;26034.63;10705.66;4668.07
WISCONSIN;1983;61053;26289.52;10843.84;4789.47
WISCONSIN;1984;65461;26225.89;10830.84;4956.72
WISCONSIN;1985;67469;26304.98;10872.29;5140.45
WISCONSIN;1986;70171;26400.6;10848.68;5292.62
WYOMING;1970;7924;3674.01;2696.26;282.35
WYOMING;1971;7504;3701.91;2736.69;275.04
WYOMING;1972;7807;3701.91;2760.91;270.68
WYOMING;1973;8067;3722.93;2785.44;261.83
WYOMING;1974;8831;3732.09;2804.6;258.49
WYOMING;1975;8949;3772.46;2796.67;262.73
WYOMING;1976;9057;3884.01;2804.28;273.45
WYOMING;1977;9779;4037.03;2898.34;291.64
WYOMING;1978;11038;4115.61;2920.85;294.73
WYOMING;1979;11988;4268.71;2950.53;313.47
WYOMING;1980;13027;4399.69;2979.23;338.06
WYOMING;1981;13717;4572.67;3005.62;379.19
WYOMING;1982;13056;4731.98;3060.64;408.43
WYOMING;1983;11922;4950.82;3119.98;445.59
WYOMING;1984;12073;5184.73;3195.68;476.57
WYOMING;1985;12022;5448.38;3295.92;523.01
WYOMING;1986;10870;5700.41;3400.96;565.58
